video_id,group_name,title,upload_date,views,likes,comments,type
101,BOYNEXTDOOR,돌아버리겠다' Official MV,05/22/2023,20754647,389000,11652,music video
102,BOYNEXTDOOR,One and Only' Official MV,05/30/2023,38426674,516000,13208,music video
103,BOYNEXTDOOR, 'Serenade' Official MV,05/31/2023,22324285,378000,9430,music video
104,BOYNEXTDOOR,뭣 같아' Official MV,09/04/2023,44924503,376000,14596,music video
105,BOYNEXTDOOR,ABCDLOVE' Official MV,10/11/2023,8141816,132000,3441,music video
106,BOYNEXTDOOR," 'Earth, Wind & Fire' Official MV",04/15/0204,63956083,509000,20391,music video
107,BOYNEXTDOOR,부모님 관람불가' Official MV,09/02/2024,18580357,288000,12420,music video
108,BOYNEXTDOOR,Nice Guy' Official MV,09/09/2024,48240541,415000,15766,music video
109,BOYNEXTDOOR,오늘만 I LOVE YOU' Official MV,01/06/2025,46376438,495000,18816,music video
110,BOYNEXTDOOR,I Feel Good' Official MV,05/13/2025,38394159,382000,19605,music video
111,BOYNEXTDOOR, 'Count To Love' Official MV,8/17/2025,10671252,206000,7566,music video
112,BOYNEXTDOOR,Hollywood Action' Official MV,10/20/2025,32159621,331000,19007,music video
113,BOYNEXTDOOR,똑똑똑' Official MV,05/10/2026,8100366,216000,17017,music video
114,BOYNEXTDOOR,VIRAL' Official MV,06/08/2026,4813636,129000,15607,music video
115,BOYNEXTDOOR,‘One and Only’ Dance Practice,06/05/2023,1556473,80000,1193,dance practice
116,BOYNEXTDOOR,‘돌아버리겠다’ Dance Practice,06/07/2023,709249,42000,686,dance practice
117,BOYNEXTDOOR,‘Serenade’ Dance Practice,06/08/2023,1058756,54000,704,dance practice
118,BOYNEXTDOOR,‘뭣 같아’ Dance Practice,09/16/2023,856064,39000,508,dance practice
119,BOYNEXTDOOR,‘Crying’ Dance Practice,10/4/2023,316013,23000,410,dance practice
120,BOYNEXTDOOR,"‘Earth, Wind & Fire’ Dance Practice",04/19/2024,3108081,81000,987,dance practice
121,BOYNEXTDOOR,‘OUR’ Dance Practice,04/25/2024,747423,35000,436,dance practice
122,BOYNEXTDOOR, ‘l i f e i s c o o l’ Dance Practice,05/15/2024,425199,28000,520,dance practice
123,BOYNEXTDOOR,‘Dangerous’ Dance Practice,09/07/2024,823752,47000,721,dance practice
124,BOYNEXTDOOR, ‘Nice Guy’ Dance Practice,09/17/2024,961885,46000,643,dance practice
125,BOYNEXTDOOR,"‘IF I SAY, I LOVE YOU’ Dance Practice",01/14/2025,3697249,91000,1639,dance practice
126,BOYNEXTDOOR,‘I Feel Good’ Dance Practice,05/19/2025,1532646,60000,1343,dance practice
127,BOYNEXTDOOR,‘123-78’ Dance Practice,05/23/2025,1714977,67000,1104,dance practice
128,BOYNEXTDOOR,‘Count To Love’ Dance Practice,09/01/2025,896907,36000,968,dance practice
129,BOYNEXTDOOR, ‘Hollywood Action’ Dance Practice,10/26/2025,1866013,62000,1040,dance practice
130,BOYNEXTDOOR, ‘똑똑똑’ Dance Practice,05/14/2026,523757,36000,1779,dance practice
131,TWS,"Prologue 'Oh Mymy : 7s'",01/02/2024,6069199,197000,7890,music video
132,TWS," 'BFF' Official MV",02/17/2024,8356106,126000,3797,music video
133,TWS,첫 만남은 계획대로 되지 않아' Official MV,01/22/2024,47006484,525000,19832,music video
134,TWS, 'hey! hey!' Official MV,06/05/2024,14511103,200000,8847,music video
135,TWS,내가 S면 넌 나의 N이 되어줘' Official MV,06/24/2024,35424253,261000,9714,music video
136,TWS, '마지막 축제' Official MV,11/25/2024,27358298,168000,5939,music video
137,TWS, '마음 따라 뛰는 건 멋지지 않아?' Official MV,08/21/2025,26855761,173000,8063,music video
138,TWS,はじめまして' Official MV,06/29/2025,6390173,94000,2912,music video
139,TWS,Head Shoulders Knees Toes' Official MV,09/22/2025,6307336,109000,5402,music video
140,TWS, 'OVERDRIVE' Official MV,10/13/2025,22500496,307000,8536,music video
141,TWS,"널 따라가 (You, You)' Official MV",04/27/2026,21531158,115000,12382,music video
142,TWS,너의 모든 가능성이 되어 줄게' Official MV,05/19/2026,5500217,53000,2460,music video
143,TWS,‘Oh Mymy : 7s’ Dance Practice (Moving ver.),01/05/2024,3801950,100000,2332,dance practice
144,TWS, 'BFF' Dance Practice (Fix ver.),02/24/2024,310022,17000,391,dance practice
145,TWS,‘첫 만남은 계획대로 되지 않아’ Dance Practice (Fix ver.),01/31/2024,1937412,42000,779,dance practice
146,TWS, 'hey! hey!' Dance Practice (Moving ver.),06/09/2024,602949,16000,638,dance practice
147,TWS, '내가 S면 넌 나의 N이 되어줘' Dance Practice (Fix ver.),07/01/2024,775425,18000,378,dance practice
148,TWS,마지막 축제' Dance Practice (Fix ver.),12/05/2024,443135,16000,282,dance practice
149,TWS,‘마음 따라 뛰는 건 멋지지 않아?’ Dance Practice (Fix ver.),04/28/2025,500007,15000,279,dance practice
150,TWS,‘はじめまして’ Dance Practice (Fix ver.),07/03/2025,723155,21000,483,dance practice
151,TWS,Head Shoulders Knees Toes' Dance Practice,09/25/2025,266658,17000,622,dance practice
152,TWS,‘OVERDRIVE’ Dance Practice (Fix ver.),10/20/2025,916693,28000,435,dance practice
153,TWS," '널 따라가 (You, You)' Dance Practice (Fix ver.)",05/02/2026,215129,13000,354,dance practice
154,TWS, '너의 모든 가능성이 되어 줄게' Dance Practice (Fix ver.),05/06/2026,149953,10000,348,dance practice
155,&TEAM,The Final Countdown' Official MV,06/27/2022,5455061,389000,15351,music video
156,&TEAM, ‘Under the skin’ Official MV,11/21/2022,13029636,504000,37305,music video
157,&TEAM,‘Scent of you’ Official MV,12/06/2022,12329734,370000,12748,music video
158,&TEAM, 'FIREWORK' Official MV,06/13/2023,11670627,266000,30758,music video
159,&TEAM,‘Road Not Taken’ Official MV,07/11/2023,5562374,176000,10694,music video
160,&TEAM,War Cry' Official MV,11/15/2023,17406875,288000,28690,music video
161,&TEAM, ‘Dropkick’ Official MV,11/29/2023,12212474,144000,9645,music video
162,&TEAM,Samidare' Official MV,05/07/2024,16125292,183000,72117,music video
163,&TEAM, 'Koegawari' Official MV,07/18/2024,4805020,101000,14971,music video
164,&TEAM,Aoarashi' Official MV,08/06/2024,16534136,148000,40470,music video
165,&TEAM, 'Imprinted' Official Track Video - Our Summer Log -,08/13/2024,2331411,50000,2801,music video
166,&TEAM, 'Jyuugoya' Official MV,10/20/2024,2507866,61000,8898,music video
167,&TEAM,illumination' Official MV,12/05/2024,3381513,72000,16267,music video
168,&TEAM,Yukiakari' Official MV,12/15/2024,12953684,104000,50013,music video
169,&TEAM,Deer Hunter' Official MV,01/14/2025,8346766,246000,17389,music video
170,&TEAM,Go in Blind' Official MV,04/21/2025,14842175,158000,31885,music video
171,&TEAM,Back to Life' Official MV,10/27/2025,40548418,224000,56406,music video
172,&TEAM,We on Fire' Official MV,04/12/2026,39124552,132000,20946,music video
173,&TEAM,Bewitched' Official MV | 'The Witch of Yerasah' Animated Film,05/10/2026,1178712,20000,811,music video
174,&TEAM,&TEAM 'Lunatic' Official MV,11/03/2025,19873310,137000,7119,music video
175,&TEAM,Under the skin' Dance Practice (Fix ver.),11/25/2022,3111103,128000,5220,dance practice
176,&TEAM,‘Scent of you’ Dance Practice,12/12/2022,1639226,81000,2311,dance practice
177,&TEAM,‘バズ恋 (BUZZ LOVE)’ Dance Practice,02/14/2023,2477584,91000,3514,dance practice
178,&TEAM, 'FIREWORK' Dance Practice (Fix ver.),06/16/2023,1601186,56000,2526,dance practice
179,&TEAM, 'Road Not Taken' Dance Practice,07/14/2023,889362,41000,1545,dance practice
180,&TEAM,War Cry' Dance Practice,11/17/2023,944229,43000,2081,dance practice
181,&TEAM, 'Dropkick' Dance Practice,12/03/2023,611189,25000,732,dance practice
182,&TEAM,Samidare' Dance Practice,05/09/2024,747784,31000,1495,dance practice
183,&TEAM, 'Koegawari' Dance Practice,07/26/2024,515244,23000,1214,dance practice
184,&TEAM,Aoarashi' Dance Practice,08/10/2024,314959,17000,710,dance practice
185,&TEAM,Go in Blind' Dance Practice,04/28/2025,698084,32000,1280,dance practice
186,&TEAM,Back to Life' Dance Practice,11/01/2025,537215,33000,1040,dance practice
187,&TEAM, 'Lunatic' Dance Practice (Moving ver.),11/14/2025,340882,20000,475,dance practice
188,&TEAM, 'We on Fire' Dance Practice,04/24/2026,224794,16000,540,dance practice
189,&TEAM, 'Bewitched' Dance Practice (Monitoring ver.),05/01/2026,225188,13000,225,dance practice
190,CORTIS, 'GO!' Official MV,08/10/2025,62627619,1400000,54699,music video
191,CORTIS, 'What You Want' Official MV,08/19/2025,25246151,656000,16029,music video
192,CORTIS, 'FaSHioN' Official MV,09/08/2025,78907865,1400000,38045,music video
193,CORTIS,JoyRide' Official MV,09/20/2025,18841215,541000,13349,music video
194,CORTIS, 'Lullaby' Official MV,09/28/2025,5818955,307000,8443,music video
195,CORTIS, 'REDRED' Official MV,04/20/2026,34995862,1100000,66958,music video
196,CORTIS, 'TNT' Official MV,05/04/2026,8425700,581000,27013,music video
197,CORTIS, 'ACAI' Official MV,05/11/2026,9758912,570000,21276,music video
198,CORTIS,‘GO!’ Dance Practice (Fix ver.),08/22/2025,9965805,333000,4130,music video
199,CORTIS,What You Want' Dance Practice (Fix ver.),08/22/2025,2530523,128000,1538,music video
200,CORTIS, ‘FaSHioN' Dance Practice (Fix ver.),09/14/2025,9233819,322000,4253,dance practice
201,CORTIS, 'REDRED' Dance Practice (Fix ver.),04/27/2026,3759281,219000,4408,dance practice
202,CORTIS,‘TNT’ Dance Practice (Fix ver.),05/08/2026,1670097,130000,3068,dance practice
203,CORTIS,‘ACAI’ Dance Practice (Fix ver.),05/20/2026,2180410,152000,4006,dance practice
204,RIIZE,Memories' MV,08/21/2023,25281573,466000,25173,music video
205,RIIZE,Get A Guitar' MV,09/04/2023,58535572,699000,42089,music video
206,RIIZE, 'Talk Saxy' MV,10/27/2023,44816457,462000,27016,music video
207,RIIZE, 'Love 119' MV,01/05/2024,32327134,540000,25717,music video
208,RIIZE,Impossible' MV,04/18/2024,32751127,406000,21275,music video
209,RIIZE, 'One Kiss' MV,04/22/2024,7632748,172000,6676,music video
210,RIIZE,9 Days' MV,04/28/2024,4816994,140000,5039,music video
211,RIIZE, 'Boom Boom Bass' MV,06/17/2024,34843967,463000,23630,music video
212,RIIZE,Lucky' MV,07/28/2024,7376552,175000,7020,music video
213,RIIZE,Bag Bad Back' MV,05/01/2025,14482611,256000,21581,music video
214,RIIZE, 'Fly Up' MV,05/19/2025,52361284,207000,25758,music video
215,RIIZE,Fame' MV,11/24/2025,29708186,203000,18387,music video
216,RIIZE,All of You' MV,02/17/2026,4221472,70000,5034,music video
217,RIIZE, 'Siren' Dance Practice,08/11/2023,7031269,210000,4294,dance practice
218,RIIZE, 'Memories' Dance Practice,09/16/2023,1098254,47000,1174,dance practice
219,RIIZE,Get A Guitar' Dance Practice,09/19/2023,3509635,91000,1702,dance practice
220,RIIZE, ‘Talk Saxy’ Dance Practice,10/29/2023,2039360,75000,2269,dance practice
221,RIIZE, 'Love 119' Performance Video,01/26/2024,773989,32000,955,dance practice
222,RIIZE, 'Impossible' Dance Practice,04/23/2024,2454199,88000,2087,dance practice
223,RIIZE, 'Boom Boom Bass' Dance Practice,06/26/2024,5268627,119000,2513,dance practice
224,RIIZE,Lucky' Dance Practice,08/16/2024,922620,36000,1464,dance practice
225,RIIZE, 'Hug (포옹)' Dance Practice,02/06/2025,386582,19000,1023,dance practice
226,RIIZE,Bag Bad Back' Dance Practice,05/05/2025,1010996,42000,2370,dance practice
227,RIIZE, 'Fly Up' Dance Practice,05/26/2025,729964,28000,1044,dance practice
228,RIIZE,잉걸 (Ember to Solar)' Dance Practice,06/08/2025,447320,20000,985,dance practice
229,RIIZE, 'Fame' Dance Practice,12/02/2025,754612,39000,1904,dance practice